timeStamp,elapsed,label,responseCode,responseMessage,threadName,dataType,success,failureMessage,bytes,sentBytes,grpThreads,allThreads,URL,Latency,IdleTime,Connect
1.64822E+12,839,HTTP Request,200,OK,Thread Group 1-8,text,TRUE,,4762,133,103,103,https://demoqa.com/bookstore/v1/books,839,0,588
1.64822E+12,814,HTTP Request,200,OK,Thread Group 1-33,text,TRUE,,4762,133,137,137,https://demoqa.com/bookstore/v1/books,814,0,609
1.64822E+12,828,HTTP Request,200,OK,Thread Group 1-37,text,TRUE,,4762,133,147,147,https://demoqa.com/bookstore/v1/books,828,0,608
1.64822E+12,829,HTTP Request,200,OK,Thread Group 1-27,text,TRUE,,4762,133,134,134,https://demoqa.com/bookstore/v1/books,829,0,605
1.64822E+12,835,HTTP Request,200,OK,Thread Group 1-35,text,TRUE,,4762,133,145,145,https://demoqa.com/bookstore/v1/books,835,0,601
1.64822E+12,857,HTTP Request,200,OK,Thread Group 1-23,text,TRUE,,4762,133,134,134,https://demoqa.com/bookstore/v1/books,857,0,620
1.64822E+12,822,HTTP Request,200,OK,Thread Group 1-21,text,TRUE,,4762,133,131,131,https://demoqa.com/bookstore/v1/books,822,0,615
1.64822E+12,841,HTTP Request,200,OK,Thread Group 1-45,text,TRUE,,4762,133,142,142,https://demoqa.com/bookstore/v1/books,841,0,611
1.64822E+12,847,HTTP Request,200,OK,Thread Group 1-16,text,TRUE,,4762,133,128,128,https://demoqa.com/bookstore/v1/books,847,0,620
1.64822E+12,854,HTTP Request,200,OK,Thread Group 1-46,text,TRUE,,4762,133,140,140,https://demoqa.com/bookstore/v1/books,854,0,627
1.64822E+12,855,HTTP Request,200,OK,Thread Group 1-47,text,TRUE,,4762,133,139,139,https://demoqa.com/bookstore/v1/books,855,0,623
1.64822E+12,849,HTTP Request,200,OK,Thread Group 1-14,text,TRUE,,4762,133,128,128,https://demoqa.com/bookstore/v1/books,849,0,634
1.64822E+12,856,HTTP Request,200,OK,Thread Group 1-48,text,TRUE,,4762,133,137,137,https://demoqa.com/bookstore/v1/books,856,0,631
1.64822E+12,837,HTTP Request,200,OK,Thread Group 1-51,text,TRUE,,4762,133,136,136,https://demoqa.com/bookstore/v1/books,837,0,615
1.64822E+12,847,HTTP Request,200,OK,Thread Group 1-50,text,TRUE,,4762,133,135,135,https://demoqa.com/bookstore/v1/books,847,0,626
1.64822E+12,842,HTTP Request,200,OK,Thread Group 1-13,text,TRUE,,4762,133,126,126,https://demoqa.com/bookstore/v1/books,842,0,640
1.64822E+12,1108,HTTP Request,200,OK,Thread Group 1-17,text,TRUE,,4762,133,134,134,https://demoqa.com/bookstore/v1/books,1108,0,628
1.64822E+12,926,HTTP Request,200,OK,Thread Group 1-52,text,TRUE,,4762,133,133,133,https://demoqa.com/bookstore/v1/books,925,0,625
1.64822E+12,939,HTTP Request,200,OK,Thread Group 1-56,text,TRUE,,4762,133,132,132,https://demoqa.com/bookstore/v1/books,939,0,642
1.64822E+12,950,HTTP Request,200,OK,Thread Group 1-63,text,TRUE,,4762,133,131,131,https://demoqa.com/bookstore/v1/books,950,0,595
1.64822E+12,986,HTTP Request,200,OK,Thread Group 1-64,text,TRUE,,4762,133,130,130,https://demoqa.com/bookstore/v1/books,986,0,627
1.64822E+12,1455,HTTP Request,200,OK,Thread Group 1-1,text,TRUE,,4762,133,129,129,https://demoqa.com/bookstore/v1/books,1455,0,995
1.64822E+12,1408,HTTP Request,200,OK,Thread Group 1-7,text,TRUE,,4762,133,128,128,https://demoqa.com/bookstore/v1/books,1408,0,980
1.64822E+12,1447,HTTP Request,200,OK,Thread Group 1-2,text,TRUE,,4762,133,127,127,https://demoqa.com/bookstore/v1/books,1447,0,1015
1.64822E+12,925,HTTP Request,200,OK,Thread Group 1-72,text,TRUE,,4762,133,126,126,https://demoqa.com/bookstore/v1/books,925,0,641
1.64822E+12,919,HTTP Request,200,OK,Thread Group 1-79,text,TRUE,,4762,133,125,125,https://demoqa.com/bookstore/v1/books,919,0,628
1.64822E+12,1500,HTTP Request,200,OK,Thread Group 1-3,text,TRUE,,4762,133,124,124,https://demoqa.com/bookstore/v1/books,1500,0,1004
1.64822E+12,1497,HTTP Request,200,OK,Thread Group 1-4,text,TRUE,,4762,133,123,123,https://demoqa.com/bookstore/v1/books,1497,0,997
1.64822E+12,1485,HTTP Request,200,OK,Thread Group 1-6,text,TRUE,,4762,133,122,122,https://demoqa.com/bookstore/v1/books,1485,0,996
1.64822E+12,1470,HTTP Request,200,OK,Thread Group 1-9,text,TRUE,,4762,133,121,121,https://demoqa.com/bookstore/v1/books,1470,0,993
1.64822E+12,1464,HTTP Request,200,OK,Thread Group 1-10,text,TRUE,,4762,133,120,120,https://demoqa.com/bookstore/v1/books,1464,0,1039
1.64822E+12,1493,HTTP Request,200,OK,Thread Group 1-5,text,TRUE,,4762,133,120,120,https://demoqa.com/bookstore/v1/books,1493,0,1001
1.64822E+12,1055,HTTP Request,200,OK,Thread Group 1-69,text,TRUE,,4762,133,118,118,https://demoqa.com/bookstore/v1/books,1055,0,742
1.64822E+12,1055,HTTP Request,200,OK,Thread Group 1-70,text,TRUE,,4762,133,117,117,https://demoqa.com/bookstore/v1/books,1055,0,741
1.64822E+12,1435,HTTP Request,200,OK,Thread Group 1-15,text,TRUE,,4762,133,117,117,https://demoqa.com/bookstore/v1/books,1435,0,1024
1.64822E+12,1440,HTTP Request,200,OK,Thread Group 1-18,text,TRUE,,4762,133,115,115,https://demoqa.com/bookstore/v1/books,1440,0,1031
1.64822E+12,980,HTTP Request,200,OK,Thread Group 1-81,text,TRUE,,4762,133,114,114,https://demoqa.com/bookstore/v1/books,980,0,656
1.64822E+12,1000,HTTP Request,200,OK,Thread Group 1-80,text,TRUE,,4762,133,113,113,https://demoqa.com/bookstore/v1/books,1000,0,670
1.64822E+12,967,HTTP Request,200,OK,Thread Group 1-86,text,TRUE,,4762,133,112,112,https://demoqa.com/bookstore/v1/books,967,0,647
1.64822E+12,960,HTTP Request,200,OK,Thread Group 1-91,text,TRUE,,4762,133,111,111,https://demoqa.com/bookstore/v1/books,960,0,647
1.64822E+12,1211,HTTP Request,200,OK,Thread Group 1-60,text,TRUE,,4762,133,111,111,https://demoqa.com/bookstore/v1/books,1211,0,616
1.64822E+12,1481,HTTP Request,200,OK,Thread Group 1-22,text,TRUE,,4762,133,109,109,https://demoqa.com/bookstore/v1/books,1481,0,1042
1.64822E+12,1514,HTTP Request,200,OK,Thread Group 1-19,text,TRUE,,4762,133,108,108,https://demoqa.com/bookstore/v1/books,1514,0,1069
1.64822E+12,1003,HTTP Request,200,OK,Thread Group 1-96,text,TRUE,,4762,133,107,107,https://demoqa.com/bookstore/v1/books,1003,0,725
1.64822E+12,1436,HTTP Request,200,OK,Thread Group 1-36,text,TRUE,,4762,133,106,106,https://demoqa.com/bookstore/v1/books,1436,0,1004
1.64822E+12,1425,HTTP Request,200,OK,Thread Group 1-39,text,TRUE,,4762,133,105,105,https://demoqa.com/bookstore/v1/books,1425,0,986
1.64822E+12,1034,HTTP Request,200,OK,Thread Group 1-95,text,TRUE,,4762,133,104,104,https://demoqa.com/bookstore/v1/books,1034,0,826
1.64822E+12,1426,HTTP Request,200,OK,Thread Group 1-42,text,TRUE,,4762,133,103,103,https://demoqa.com/bookstore/v1/books,1426,0,977
1.64822E+12,1358,HTTP Request,200,OK,Thread Group 1-54,text,TRUE,,4762,133,102,102,https://demoqa.com/bookstore/v1/books,1358,0,610
1.64822E+12,1458,HTTP Request,200,OK,Thread Group 1-41,text,TRUE,,4762,133,101,101,https://demoqa.com/bookstore/v1/books,1458,0,1013
1.64822E+12,1526,HTTP Request,200,OK,Thread Group 1-34,text,TRUE,,4762,133,100,100,https://demoqa.com/bookstore/v1/books,1526,0,1048
1.64822E+12,886,HTTP Request,200,OK,Thread Group 1-124,text,TRUE,,4762,133,99,99,https://demoqa.com/bookstore/v1/books,886,0,634
1.64822E+12,1455,HTTP Request,200,OK,Thread Group 1-49,text,TRUE,,4762,133,99,99,https://demoqa.com/bookstore/v1/books,1455,0,1031
1.64822E+12,891,HTTP Request,200,OK,Thread Group 1-127,text,TRUE,,4762,133,97,97,https://demoqa.com/bookstore/v1/books,891,0,637
1.64822E+12,902,HTTP Request,200,OK,Thread Group 1-123,text,TRUE,,4762,133,96,96,https://demoqa.com/bookstore/v1/books,902,0,640
1.64822E+12,1594,HTTP Request,200,OK,Thread Group 1-32,text,TRUE,,4762,133,95,95,https://demoqa.com/bookstore/v1/books,1594,0,1204
1.64822E+12,921,HTTP Request,200,OK,Thread Group 1-114,text,TRUE,,4762,133,94,94,https://demoqa.com/bookstore/v1/books,921,0,707
1.64822E+12,1435,HTTP Request,200,OK,Thread Group 1-59,text,TRUE,,4762,133,93,93,https://demoqa.com/bookstore/v1/books,1435,0,1051
1.64822E+12,1674,HTTP Request,200,OK,Thread Group 1-31,text,TRUE,,4762,133,92,92,https://demoqa.com/bookstore/v1/books,1674,0,1258
1.64822E+12,1492,HTTP Request,200,OK,Thread Group 1-53,text,TRUE,,4762,133,91,91,https://demoqa.com/bookstore/v1/books,1492,0,1093
1.64822E+12,1533,HTTP Request,200,OK,Thread Group 1-57,text,TRUE,,4762,133,91,91,https://demoqa.com/bookstore/v1/books,1533,0,1142
1.64822E+12,999,HTTP Request,200,OK,Thread Group 1-129,text,TRUE,,4762,133,91,91,https://demoqa.com/bookstore/v1/books,999,0,752
1.64822E+12,1451,HTTP Request,200,OK,Thread Group 1-66,text,TRUE,,4762,133,91,91,https://demoqa.com/bookstore/v1/books,1451,0,1075
1.64822E+12,990,HTTP Request,200,OK,Thread Group 1-118,text,TRUE,,4762,133,91,91,https://demoqa.com/bookstore/v1/books,990,0,752
1.64822E+12,1436,HTTP Request,200,OK,Thread Group 1-67,text,TRUE,,4762,133,91,91,https://demoqa.com/bookstore/v1/books,1436,0,1072
1.64822E+12,946,HTTP Request,200,OK,Thread Group 1-106,text,TRUE,,4762,133,91,91,https://demoqa.com/bookstore/v1/books,946,0,713
1.64822E+12,937,HTTP Request,200,OK,Thread Group 1-132,text,TRUE,,4762,133,91,91,https://demoqa.com/bookstore/v1/books,937,0,724
1.64822E+12,1437,HTTP Request,200,OK,Thread Group 1-62,text,TRUE,,4762,133,91,91,https://demoqa.com/bookstore/v1/books,1437,0,1097
1.64822E+12,881,HTTP Request,200,OK,Thread Group 1-145,text,TRUE,,4762,133,82,82,https://demoqa.com/bookstore/v1/books,880,0,673
1.64822E+12,1405,HTTP Request,200,OK,Thread Group 1-74,text,TRUE,,4762,133,81,81,https://demoqa.com/bookstore/v1/books,1405,0,1022
1.64822E+12,1500,HTTP Request,200,OK,Thread Group 1-65,text,TRUE,,4762,133,80,80,https://demoqa.com/bookstore/v1/books,1500,0,1090
1.64822E+12,1479,HTTP Request,200,OK,Thread Group 1-68,text,TRUE,,4762,133,79,79,https://demoqa.com/bookstore/v1/books,1479,0,1073
1.64822E+12,1541,HTTP Request,200,OK,Thread Group 1-61,text,TRUE,,4762,133,78,78,https://demoqa.com/bookstore/v1/books,1541,0,1144
1.64822E+12,1355,HTTP Request,200,OK,Thread Group 1-84,text,TRUE,,4762,133,77,77,https://demoqa.com/bookstore/v1/books,1355,0,1018
1.64822E+12,1391,HTTP Request,200,OK,Thread Group 1-92,text,TRUE,,4762,133,76,76,https://demoqa.com/bookstore/v1/books,1391,0,1050
1.64822E+12,1509,HTTP Request,200,OK,Thread Group 1-75,text,TRUE,,4762,133,75,75,https://demoqa.com/bookstore/v1/books,1509,0,1182
1.64822E+12,1512,HTTP Request,200,OK,Thread Group 1-76,text,TRUE,,4762,133,74,74,https://demoqa.com/bookstore/v1/books,1512,0,1187
1.64822E+12,1478,HTTP Request,200,OK,Thread Group 1-93,text,TRUE,,4762,133,73,73,https://demoqa.com/bookstore/v1/books,1478,0,1136
1.64822E+12,1610,HTTP Request,200,OK,Thread Group 1-78,text,TRUE,,4762,133,72,72,https://demoqa.com/bookstore/v1/books,1610,0,1265
1.64822E+12,1439,HTTP Request,200,OK,Thread Group 1-102,text,TRUE,,4762,133,71,71,https://demoqa.com/bookstore/v1/books,1439,0,1092
1.64822E+12,1309,HTTP Request,200,OK,Thread Group 1-105,text,TRUE,,4762,133,70,70,https://demoqa.com/bookstore/v1/books,1309,0,1110
1.64822E+12,1400,HTTP Request,200,OK,Thread Group 1-125,text,TRUE,,4762,133,69,69,https://demoqa.com/bookstore/v1/books,1400,0,1054
1.64822E+12,1456,HTTP Request,200,OK,Thread Group 1-130,text,TRUE,,4762,133,68,68,https://demoqa.com/bookstore/v1/books,1456,0,1264
1.64822E+12,1719,HTTP Request,200,OK,Thread Group 1-88,text,TRUE,,4762,133,67,67,https://demoqa.com/bookstore/v1/books,1719,0,1526
1.64822E+12,1333,HTTP Request,200,OK,Thread Group 1-128,text,TRUE,,4762,133,66,66,https://demoqa.com/bookstore/v1/books,1333,0,1012
1.64822E+12,1445,HTTP Request,200,OK,Thread Group 1-108,text,TRUE,,4762,133,65,65,https://demoqa.com/bookstore/v1/books,1445,0,1098
1.64822E+12,1736,HTTP Request,200,OK,Thread Group 1-97,text,TRUE,,4762,133,64,64,https://demoqa.com/bookstore/v1/books,1736,0,1291
1.64822E+12,1761,HTTP Request,200,OK,Thread Group 1-85,text,TRUE,,4762,133,64,64,https://demoqa.com/bookstore/v1/books,1761,0,648
1.64822E+12,1509,HTTP Request,200,OK,Thread Group 1-120,text,TRUE,,4762,133,62,62,https://demoqa.com/bookstore/v1/books,1509,0,1303
1.64822E+12,1378,HTTP Request,200,OK,Thread Group 1-143,text,TRUE,,4762,133,61,61,https://demoqa.com/bookstore/v1/books,1378,0,1038
1.64822E+12,1522,HTTP Request,200,OK,Thread Group 1-111,text,TRUE,,4762,133,60,60,https://demoqa.com/bookstore/v1/books,1522,0,1326
1.64822E+12,1389,HTTP Request,200,OK,Thread Group 1-148,text,TRUE,,4762,133,60,60,https://demoqa.com/bookstore/v1/books,1389,0,1048
1.64822E+12,1465,HTTP Request,200,OK,Thread Group 1-135,text,TRUE,,4762,133,58,58,https://demoqa.com/bookstore/v1/books,1465,0,1267
1.64822E+12,2359,HTTP Request,200,OK,Thread Group 1-12,text,TRUE,,4762,133,57,57,https://demoqa.com/bookstore/v1/books,2359,0,1979
1.64822E+12,1539,HTTP Request,200,OK,Thread Group 1-110,text,TRUE,,4762,133,56,56,https://demoqa.com/bookstore/v1/books,1539,0,1335
1.64822E+12,2331,HTTP Request,200,OK,Thread Group 1-20,text,TRUE,,4762,133,55,55,https://demoqa.com/bookstore/v1/books,2331,0,1390
1.64822E+12,1426,HTTP Request,200,OK,Thread Group 1-146,text,TRUE,,4762,133,54,54,https://demoqa.com/bookstore/v1/books,1426,0,1224
1.64822E+12,1406,HTTP Request,200,OK,Thread Group 1-142,text,TRUE,,4762,133,54,54,https://demoqa.com/bookstore/v1/books,1406,0,1205
1.64822E+12,1442,HTTP Request,200,OK,Thread Group 1-149,text,TRUE,,4762,133,52,52,https://demoqa.com/bookstore/v1/books,1442,0,1098
1.64822E+12,1833,HTTP Request,200,OK,Thread Group 1-87,text,TRUE,,4762,133,51,51,https://demoqa.com/bookstore/v1/books,1833,0,1435
1.64822E+12,1832,HTTP Request,200,OK,Thread Group 1-98,text,TRUE,,4762,133,50,50,https://demoqa.com/bookstore/v1/books,1832,0,1630
1.64822E+12,1622,HTTP Request,200,OK,Thread Group 1-117,text,TRUE,,4762,133,49,49,https://demoqa.com/bookstore/v1/books,1622,0,1430
1.64822E+12,1496,HTTP Request,200,OK,Thread Group 1-147,text,TRUE,,4762,133,48,48,https://demoqa.com/bookstore/v1/books,1496,0,1296
1.64822E+12,1410,HTTP Request,200,OK,Thread Group 1-138,text,TRUE,,4762,133,47,47,https://demoqa.com/bookstore/v1/books,1410,0,1064
1.64822E+12,2105,HTTP Request,200,OK,Thread Group 1-73,text,TRUE,,4762,133,46,46,https://demoqa.com/bookstore/v1/books,2105,0,1769
1.64822E+12,2287,HTTP Request,200,OK,Thread Group 1-55,text,TRUE,,4762,133,45,45,https://demoqa.com/bookstore/v1/books,2287,0,1950
1.64822E+12,2628,HTTP Request,200,OK,Thread Group 1-11,text,TRUE,,4762,133,44,44,https://demoqa.com/bookstore/v1/books,2628,0,2432
1.64822E+12,1650,HTTP Request,200,OK,Thread Group 1-141,text,TRUE,,4762,133,43,43,https://demoqa.com/bookstore/v1/books,1650,0,1453
1.64822E+12,1664,HTTP Request,200,OK,Thread Group 1-150,text,TRUE,,4762,133,42,42,https://demoqa.com/bookstore/v1/books,1664,0,648
1.64822E+12,2092,HTTP Request,200,OK,Thread Group 1-82,text,TRUE,,4762,133,41,41,https://demoqa.com/bookstore/v1/books,2092,0,648
1.64822E+12,2153,HTTP Request,200,OK,Thread Group 1-83,text,TRUE,,4762,133,40,40,https://demoqa.com/bookstore/v1/books,2153,0,663
1.64822E+12,2611,HTTP Request,200,OK,Thread Group 1-25,text,TRUE,,4762,133,39,39,https://demoqa.com/bookstore/v1/books,2611,0,1043
1.64822E+12,2762,HTTP Request,200,OK,Thread Group 1-24,text,TRUE,,4762,133,38,38,https://demoqa.com/bookstore/v1/books,2762,0,1027
1.64822E+12,2065,HTTP Request,200,OK,Thread Group 1-115,text,TRUE,,4762,133,37,37,https://demoqa.com/bookstore/v1/books,2065,0,687
1.64822E+12,2770,HTTP Request,200,OK,Thread Group 1-30,text,TRUE,,4762,133,37,37,https://demoqa.com/bookstore/v1/books,2770,0,1015
1.64822E+12,2064,HTTP Request,200,OK,Thread Group 1-113,text,TRUE,,4762,133,37,37,https://demoqa.com/bookstore/v1/books,2064,0,673
1.64822E+12,2194,HTTP Request,200,OK,Thread Group 1-99,text,TRUE,,4762,133,34,34,https://demoqa.com/bookstore/v1/books,2194,0,1555
1.64822E+12,2061,HTTP Request,200,OK,Thread Group 1-112,text,TRUE,,4762,133,33,33,https://demoqa.com/bookstore/v1/books,2061,0,1733
1.64822E+12,2094,HTTP Request,200,OK,Thread Group 1-126,text,TRUE,,4762,133,32,32,https://demoqa.com/bookstore/v1/books,2094,0,1760
1.64822E+12,2766,HTTP Request,200,OK,Thread Group 1-38,text,TRUE,,4762,133,31,31,https://demoqa.com/bookstore/v1/books,2766,0,1007
1.64822E+12,2085,HTTP Request,200,OK,Thread Group 1-133,text,TRUE,,4762,133,30,30,https://demoqa.com/bookstore/v1/books,2085,0,1758
1.64822E+12,2247,HTTP Request,200,OK,Thread Group 1-100,text,TRUE,,4762,133,29,29,https://demoqa.com/bookstore/v1/books,2247,0,1925
1.64822E+12,2127,HTTP Request,200,OK,Thread Group 1-134,text,TRUE,,4762,133,28,28,https://demoqa.com/bookstore/v1/books,2127,0,1794
1.64822E+12,2787,HTTP Request,200,OK,Thread Group 1-44,text,TRUE,,4762,133,27,27,https://demoqa.com/bookstore/v1/books,2787,0,1088
1.64822E+12,2426,HTTP Request,200,OK,Thread Group 1-94,text,TRUE,,4762,133,26,26,https://demoqa.com/bookstore/v1/books,2426,0,665
1.64822E+12,2045,HTTP Request,200,OK,Thread Group 1-144,text,TRUE,,4762,133,25,25,https://demoqa.com/bookstore/v1/books,2045,0,617
1.64822E+12,2194,HTTP Request,200,OK,Thread Group 1-122,text,TRUE,,4762,133,24,24,https://demoqa.com/bookstore/v1/books,2194,0,660
1.64822E+12,2198,HTTP Request,200,OK,Thread Group 1-119,text,TRUE,,4762,133,23,23,https://demoqa.com/bookstore/v1/books,2198,0,1854
1.64822E+12,2202,HTTP Request,200,OK,Thread Group 1-116,text,TRUE,,4762,133,22,22,https://demoqa.com/bookstore/v1/books,2202,0,1872
1.64822E+12,2234,HTTP Request,200,OK,Thread Group 1-104,text,TRUE,,4762,133,21,21,https://demoqa.com/bookstore/v1/books,2234,0,1889
1.64822E+12,2345,HTTP Request,200,OK,Thread Group 1-101,text,TRUE,,4762,133,20,20,https://demoqa.com/bookstore/v1/books,2345,0,1991
1.64822E+12,2861,HTTP Request,200,OK,Thread Group 1-43,text,TRUE,,4762,133,19,19,https://demoqa.com/bookstore/v1/books,2861,0,1095
1.64822E+12,2769,HTTP Request,200,OK,Thread Group 1-58,text,TRUE,,4762,133,18,18,https://demoqa.com/bookstore/v1/books,2769,0,1047
1.64822E+12,2969,HTTP Request,200,OK,Thread Group 1-29,text,TRUE,,4762,133,18,18,https://demoqa.com/bookstore/v1/books,2969,0,1229
1.64822E+12,3011,HTTP Request,200,OK,Thread Group 1-28,text,TRUE,,4762,133,16,16,https://demoqa.com/bookstore/v1/books,3011,0,1220
1.64822E+12,2611,HTTP Request,200,OK,Thread Group 1-89,text,TRUE,,4762,133,15,15,https://demoqa.com/bookstore/v1/books,2611,0,2412
1.64822E+12,2822,HTTP Request,200,OK,Thread Group 1-77,text,TRUE,,4762,133,14,14,https://demoqa.com/bookstore/v1/books,2822,0,2431
1.64822E+12,2557,HTTP Request,200,OK,Thread Group 1-107,text,TRUE,,4762,133,13,13,https://demoqa.com/bookstore/v1/books,2557,0,2236
1.64822E+12,2566,HTTP Request,200,OK,Thread Group 1-131,text,TRUE,,4762,133,12,12,https://demoqa.com/bookstore/v1/books,2566,0,2245
1.64822E+12,2649,HTTP Request,200,OK,Thread Group 1-109,text,TRUE,,4762,133,11,11,https://demoqa.com/bookstore/v1/books,2649,0,2325
1.64822E+12,3414,HTTP Request,200,OK,Thread Group 1-26,text,TRUE,,4762,133,10,10,https://demoqa.com/bookstore/v1/books,3413,0,1038
1.64822E+12,2626,HTTP Request,200,OK,Thread Group 1-136,text,TRUE,,4762,133,9,9,https://demoqa.com/bookstore/v1/books,2626,0,2309
1.64822E+12,2569,HTTP Request,200,OK,Thread Group 1-139,text,TRUE,,4762,133,8,8,https://demoqa.com/bookstore/v1/books,2569,0,2248
1.64822E+12,2713,HTTP Request,200,OK,Thread Group 1-140,text,TRUE,,4762,133,7,7,https://demoqa.com/bookstore/v1/books,2713,0,2390
1.64822E+12,3322,HTTP Request,200,OK,Thread Group 1-71,text,TRUE,,4762,133,6,6,https://demoqa.com/bookstore/v1/books,3322,0,1047
1.64822E+12,2862,HTTP Request,200,OK,Thread Group 1-137,text,TRUE,,4762,133,5,5,https://demoqa.com/bookstore/v1/books,2862,0,1858
1.64822E+12,3346,HTTP Request,200,OK,Thread Group 1-90,text,TRUE,,4762,133,4,4,https://demoqa.com/bookstore/v1/books,3346,0,769
1.64822E+12,3157,HTTP Request,200,OK,Thread Group 1-103,text,TRUE,,4762,133,3,3,https://demoqa.com/bookstore/v1/books,3157,0,2756
1.64822E+12,3990,HTTP Request,200,OK,Thread Group 1-40,text,TRUE,,4762,133,2,2,https://demoqa.com/bookstore/v1/books,3989,0,3064
1.64822E+12,3641,HTTP Request,200,OK,Thread Group 1-121,text,TRUE,,4762,133,1,1,https://demoqa.com/bookstore/v1/books,3641,0,3261
